-- phpMyAdmin SQL Dump
-- version 4.9.2
-- https://www.phpmyadmin.net/
--
-- Hôte : 127.0.0.1:3306
-- Généré le :  lun. 11 mai 2020 à 08:18
-- Version du serveur :  8.0.18
-- Version de PHP :  7.4.0

SET SQL_MODE = "NO_AUTO_VALUE_ON_ZERO";
SET AUTOCOMMIT = 0;
START TRANSACTION;
SET time_zone = "+00:00";


/*!40101 SET @OLD_CHARACTER_SET_CLIENT=@@CHARACTER_SET_CLIENT */;
/*!40101 SET @OLD_CHARACTER_SET_RESULTS=@@CHARACTER_SET_RESULTS */;
/*!40101 SET @OLD_COLLATION_CONNECTION=@@COLLATION_CONNECTION */;
/*!40101 SET NAMES utf8mb4 */;

--
-- Base de données :  `remond_biblio`
--
CREATE DATABASE IF NOT EXISTS `remond_biblio` DEFAULT CHARACTER SET utf8 COLLATE utf8_general_ci;
USE `remond_biblio`;

-- --------------------------------------------------------

--
-- Structure de la table `auteurs`
--

DROP TABLE IF EXISTS `auteurs`;
CREATE TABLE IF NOT EXISTS `auteurs` (
  `id_au` bigint(20) UNSIGNED NOT NULL AUTO_INCREMENT,
  `nom_au` varchar(60) NOT NULL,
  `prenom_au` varchar(60) NOT NULL,
  `bio_au` text CHARACTER SET utf8 COLLATE utf8_general_ci NOT NULL,
  `naissance_au` date DEFAULT NULL,
  `img_au` varchar(200) CHARACTER SET utf8 COLLATE utf8_general_ci DEFAULT './image/img_par_defaut.jpg',
  `id_ed` bigint(20) UNSIGNED NOT NULL,
  PRIMARY KEY (`id_au`),
  KEY `nom_au` (`nom_au`),
  KEY `prenom_au` (`prenom_au`),
  KEY `id_au` (`id_au`),
  KEY `id_ed` (`id_ed`)
) ENGINE=InnoDB AUTO_INCREMENT=15 DEFAULT CHARSET=utf8;

--
-- Déchargement des données de la table `auteurs`
--

INSERT INTO `auteurs` (`id_au`, `nom_au`, `prenom_au`, `bio_au`, `naissance_au`, `img_au`, `id_ed`) VALUES
(1, 'LEWIS', 'Clive Staples', 'Ecrivain et universitaire britannique (1898-1963). Clive Staples Lewis, plus connu sous le nom de C. S. Lewis, né à Belfast le 29 novembre 1898 et mort à Oxford le 22 novembre 1963, est un écrivain et universitaire britannique. Il est connu pour ses travaux sur la littérature médiévale, ses ouvrages de critique littéraire et d\'apologétique du christianisme, ainsi que pour la série des Chroniques de Narnia parues entre 1950 et 1957. Ami très proche de J. R. R. Tolkien, l\'auteur du Seigneur des anneaux, il enseigne à ses côtés à la faculté de littérature anglaise de l\'université d\'Oxford ; ils faisaient tous deux partie du cercle littéraire des Inklings.', '1898-11-29', './image/auteurs/Clive_Staples_LEWIS.jpg', 1),
(2, 'PULLMAN', 'Philip', 'Le père de Philip Pullman, pilote de la Royal Air Force, est affecté en Afrique alors que l’écrivain est enfant. La famille y passe quelques années, mais à la mort du père, sa mère décide de rentrer en Angleterre. Philip est marqué par la figure de son grand-père, un ecclésiastique anglican, grand conteur à qui il doit son goût de la narration.\r\nIl étudie la philologie à l’Université d’Oxford. À partir des années 70, il commence à enseigner et écrit des pièces de théâtre pour ses élèves, puis obtient, dans les années 80, une chaire à Oxford et à Westminster. Après la publication de « La malédiction du rubis » (1986), il se consacre à l’écriture.\r\n\r\nPassionné par les contes, il écrit principalement pour la jeunesse (mais pas exclusivement), mais ne se considère pas comme un « écrivain » : ce terme lui semblant inapproprié, il dit « écrire des histoire » (présentation de l’auteur, p. 503).\r\nIl est aujourd’hui un des auteurs jeunesse les plus lus au monde.', '1946-10-19', './image/auteurs/Philip_PULLMAN.jpg', 1),
(3, 'ROWLING', 'Joanne', 'Joanne Kathleen Rowling est née en 1965 dans le Gloucester du Sud, en Angleterre. Elle ressent l\'envie d\'écrire dès l\'âge de 6 ans, et s\'oriente naturellement vers des études littéraires. Elle intègre l\'université d\'Exeter pour y étudier le français, et séjourne un an à Paris pour un cursus de littérature à la Sorbonne. De retour à Londres, elle enchaîne les petits boulots, dont celui de secrétaire pour Amnesty International. C\'est pendant cette période d\'instabilité, lors d\'un voyage en train, que lui vient l\'idée d\'écrire à propos d\'un garçon portant des lunettes rondes et une cicatrice, comme une vision fulgurante. Puis elle déménage au Portugal, où elle rencontre son premier mari et donne naissance à sa fille en 1993. Elle enseigne l\'anglais comme langue étrangère tout en commençant à écrire la série de livres Harry Potter.\r\n\r\nAprès son divorce, elle retourne en Angleterre et fait publier le premier tome de la saga en 1997. Le second volet paraît un an plus tard, et connaît déjà un succès écrasant, se classant à la première place des livres reliés pour adultes en un mois. Pendant dix ans, J. K. Rowling écrit une saga en sept parties, qui bat tous les records de ventes et de popularité dans le monde entier. Elle participe de très près à l\'écriture du scénario de l\'adaptation cinématographique de ses romans.\r\nAujourd\'hui remariée, elle vit dans la plus grande discrétion dans une maison en Écosse, avec son mari et ses trois enfants. En 2012, elle publie \"Une place à prendre\", un roman d\'un genre radicalement différent, et prouve qu\'elle est toujours capable de se renouveler.', '1965-07-31', './image/auteurs/Joanne_ROWLING.jpg', 1),
(4, 'LONDON', 'Jack', 'John Griffith Chaney est né le 12 janvier 1876 à San Francisco. Son père, William Chaney, avocat et astrologue, a chassé sa mère quelques mois avant son accouchement et refusé de connaître l\'enfant. Après un passage à vide pendant lequel elle a tenté de se suicider, Flora Wellman finit par rencontrer John London, un vétéran de la guerre de Sécession, veuf et père de deux filles, avec qui elle se marie quelques mois après la naissance de Jack. La famille s\'installe dans divers lieux de la baie de San Francisco, et Jack London grandit dans un milieu modeste. Dès l\'âge de 15 ans, il cherche à devenir indépendant en pillant des fermes d\'huîtres, puis en intégrant la patrouille de pêche de la baie. Entre aventures et écriture, Jack London commence à relater la vie quotidienne des Américains de son époque. En 1904, il divorce de sa première femme, Elizabeth Maddern, après quatre ans de mariage et épouse l\'amour de sa vie, Charmian Kittredge. Très engagé politiquement, il a participé à la marche des chômeurs sur Washington en 1894, et se rend célèbre en tant que socialiste convaincu. Jack London décède le 22 novembre 1916 dans son ranch de Glen Ellen aux Etats-Unis. Il était malade depuis un voyage dans le Pacifique (1907-1909).', '1876-01-12', './image/auteurs/Jack_LONDON.jpg', 1),
(5, 'HUNTER', 'Erin', 'Erin Hunter est le pseudonyme collectif de plusieurs écrivaines. Elles se relaient pour écrire les livres des séries \"La Guerre des clans\" (Warriors, 2003), \"La Quête des ours\", \"Survivants\" ainsi que \"Bravelands\".</br></br> C\'est Kate Cary et Cherith Baldry qui se cachent d\'abord sous le pseudonyme. Elles ont inventées le nom Erin Hunter pour éviter à leurs lecteurs d\'avoir à chercher à deux endroits pour acheter leurs livres.</br></br> Kate Cary est née en 1967 dans le centre de l’Angleterre ; elle vit actuellement en Écosse avec son compagnon Geof et son fils, Joshua. Après avoir étudié l’histoire des femmes à l’université, elle s’est mise à écrire. Elle est fascinée par le comportement animal et sait déchiffrer toutes les motivations cachées dans les attitudes d\'un chat.</br></br> Cherith Baldry est née en 1947 à Lancaster en Angleterre, et vit à Reigate. Elle a étudié à l’université de Manchester et au St Anne’s College d’Oxford. Elle a longtemps été professeur (elle a enseigné un temps à l’université du Sierra Leone) mais a cessé d’enseigner pour se consacrer à l’écriture. En dehors de l’écriture et de la lecture, son principal centre d’intérêt est la musique ancienne, et elle est active dans l’église anglicane. Avec Kate Cary, elle partage un intérêt pour les rituels antiques, l\'astrologie et les cercles de pierres. Elles ont utilisé leurs connaissances pour créer une mythologie propre au chat.</br></br> Victoria Holmes est née le 17 juillet 1975 dans le Berkshire en Angleterre. Elle a étudié à l\'Université d\'Oxford et à également écrit \"The Horse from the Sea\" (2005), \"Heart of Fire\" (2006) et \"Rider in the dark\" (2004).</br></br> Tui T. Sutherland est une écrivain américaine. Elle est née le 31/07/1978 à Caracas en Venezuela. Elle vit à Boston, Massachusetts avec son mari. Elle écrit sous plusieurs noms de plume. Dans un monde fantastique comportant des animaux à l\'image d\'Erin Hunter, Tui T. Sutherland a écrit \"Les Royaumes de Feu.\"', NULL, './image/auteurs/Erin_HUNTER.jpg', 2),
(6, 'COLLINS', 'Suzanne', 'Suzanne Collins est née le 10 aout 1962 à Hartford aux États-Unis. Diplômée de l’université d’Indiana en art du spectacle et en télécommunication, elle écrit depuis 1991 des scénarios pour les dessins animés pour enfant qui sont diffusés sur les chaines télévisées américaine, et notamment la très connue Nickelodeon.  Elle débute sa carrière littéraire en 2003 en publiant un premier ouvrage pour enfant intitulé Gregor – La Prophétie du gris. Cet ouvrage renouant avec l’histoire d’Alice aux pays des merveilles trouve rapidement son public, et Suzanne Collins poursuit sa série en faisant paraitre quatre autres volumes : La Prophétie du fléau (2004), La Prophétie du sang (2005), La Prophétie des secrets (2006) et La Prophétie du temps (2007). Au terme de cette saga pour la jeunesse, l’auteure écrit pour un tout autre public : les ados-adultes, les young adults. Le premier volume de la désormais célèbre série Hunger Games sort en 2008 sur le continent américain. Au vu du succès, l’auteur publie en 2010 le deuxième volume – Hunger Games : L’Embrasement – et en 2010 le dernier – Hunger Games : La Révolte. Les droits de la trilogie sont rapidement acquis pour être adapté au cinéma, la faisant ainsi connaitre dans le monde entier.  Avec plusieurs millions d’exemplaires vendus à travers la planète, Suzanne Collins est devenue une icône de la littérature de jeunesse actuelle.', '1962-08-10', './image/auteurs/Suzanne_COLLINS.jpg', 2),
(7, 'TOLKIEN', 'John Ronald Reuel', 'John Ronald Reuel Tolkien est né en 1892 à Bloemfontein, en Afrique du Sud où son père Arthur avait déménagé pour raisons professionnelles. En 1895, sa mère Mabel retourna en Angleterre avec Ronald et son frère cadet Hilary. Son père meurt en 1896 et sa mère en 1904. A la King\'s Edward School, il découvrit ses talents linguistiques et étudia les anciennes langues anglo-saxonnes. Il fut diplômé d\'Oxford et épousa Edith Bratt juste avant de partir pour la France en juin 1916 comme sous-lieutenant des Lancashire Fusiliers. Il combattit pendant la bataille de la Somme mais fut ensuite rapatrié pour avoir contracté la fièvre des tranchées. Il consacra les années suivantes à son travail d\'enseignant en tant que professeur d\'anglo-saxon et se révéla bientôt comme l\'un des meilleurs spécialistes de philologie du monde. En marge de sa carrière académique, il continuait d\'écrire un grand cycle de mythes et légendes situées dans un monde imaginaire appelé Terres-du-Milieu, qu\'il avait entâmé dès son adolescence. Il eut quatre enfants, pour qui il écrivit d\'abord Bilbo le Hobbit en 1936. Celui-ci fut publié et ce fut aussitôt le succès, si bien que son éditeur réclama une suite. Tolkien travailla 14 ans à l\'élaboration de cette suite, Le Seigneur des Anneaux, dont le premier tome ne parut qu\'en 1954, et qui remporta un succès phénoménal dans tous les pays.  Tolkien prit sa retraite à Bournemouth, où sa femme mourut en 1971 et où lui même décéda le 2 septembre 1973, laissant à son fils Christopher la tâche gigantesque mais passionnante de publier, notamment sous la forme d\'un récit suivi et cohérent (Le Silmarillion), la masse énorme de manuscrits qu\'il avait accumulé tout au long de sa vie.', '1892-01-03', './image/auteurs/John_Ronald_Reuel_TOLKIEN.jpg', 2),
(8, 'YORK', 'Kelley', 'Kelley est née et a grandi à Sacramento, en Californie, où elle réside toujours avec sa femme et sa fille, en plus d\'un Berger allemand, de quatre chats et de plusieurs rats. En plus de l\'écriture, elle est étudiante à plein temps et graphiste avec une spécialité dans la réalisation de couvertures de livres. C\'est également une grande joueuse de jeux vidéo à ses heures perdues. ', NULL, './image/auteurs/Kelley_YORK.jpg', 2),
(9, 'MEYER', 'Stephenie', 'Stephenie Meyer est une romancière américaine née le 24 décembre 1973 à Hertford, dans l\'État du Connecticut. Elle grandit à Phoenix (Arizona) dans une famille de six enfants de confession mormone. Elle obtient en 1995 un diplôme d\'anglais à la Brigham Young University de Provo dans l\'Utah. Un an plus tôt, elle épouse Christian Meyer, un comptable qu\'elle avait rencontré au cours de ses années passées en Arizona. Le couple aura trois enfants prénommés Gabe, Seth et Eli.  Après avoir exercé pendant plusieurs années le métier de réceptionniste dans une agence immobilière, Stephenie Meyer se tourne vers l\'écriture. Elle écrit en trois mois le premier volet de \"Twilight\", une histoire d\'amour entre une humaine et un vampire, qu\'elle intitule \"Fascination\". Le roman est un énorme succès d\'édition et devient un livre culte pour une génération d\'adolescents, particulièrement les jeunes filles. Trois suites viendront compléter le cycle : \"Tentation\", \"Hésitation\" et \"Révélation\". La saga Twilight est également célèbre pour ses adaptations cinématographiques, qui font de Kristen Stewart et Robert Pattinson des stars du grand écran. Devenue multimillionnaire grâce à Twilight (sa fortune est estimée à environ 125 millions de dollars), Stephenie Meyer n\'abandonne cependant pas l\'écriture. Elle connaît un nouveau succès avec le cinquième tome de sa Saga du désir interdit avec \"Les Âmes vagabondes\", publié en 2008 et qui sera également adapté au cinéma. Elle étoffe la tétralogie Twilight d\'un spin off en 2010, \"L\'appel du sang : La seconde vie de Bree Tanner\".', '1973-12-24', './image/auteurs/Stephenie_MEYER.jpg', 3),
(10, 'GAUDE', 'Laurent', 'Laurent Gaudé est un écrivain et dramaturge français né à Paris en 1972. Auteur à succès, ses romans lui ont déjà rapporté plusieurs prix littéraires dont le Goncourt en 2004 pour Le soleil des Scorta. Principalement connu pour ses romans, c’est pourtant à la scène que cet ancien élève de lettres modernes, auteur d’une thèse sur le théâtre contemporain, consacre une bonne part de sa carrière littéraire. Plusieurs de ses pièces, dont Combats de possédés ou Pluie de cendres, ont été jouées en Europe.  Son œuvre romanesque, puisant aussi bien aux sources de l’actualité (Eldorado, Ouragan) qu’à celles de la mythologie antique (La mort du roi Tsongor, La porte des enfers), tire sa singularité d’un univers très symbolique et d’une inspiration dramatique.', '1972-07-06', './image/auteurs/Laurent_GAUDE.jpg', 3),
(11, 'JACQ', 'Christian', 'Christian Jacq est né à Paris en 1947. Il se serait pris de passion pour l\'Égypte ancienne dès l\'âge de treize ans, à la lecture des trois volumes de \"l\'Histoire de la civilisation de l\'Égypte ancienne\" de Jacques Pirenne. Marié très jeune, son voyage de noces le conduit naturellement en Égypte avec sa jeune épouse, sur le site de l\'antique Memphis. Son premier essai, naturellement consacré à l\'Égypte, paraît dès la fin des années 1960, tandis qu\'il se lance dans des études d\'Archéologie et d\'Égyptologie, qui seront couronnées par un Doctorat de IIIe cycle en Sorbonne.  Il est un temps collaborateur de la radio \"France Culture\", coproduisant par exemple certaines émissions de la série \"les Chemins de la connaissance\". Parallèlement, il est pendant quelques années, directeur de l\'Institut Ramsès, qui publie des transcriptions de textes égyptiens et vise à l\'édification d\'un fonds photographique sur l\'Égypte. Outre ses essais consacrés à l\'Égypte, mais aussi à quelques domaines moins connus (héraldique, gnose), il mène une carrière parallèle d\'auteur de romans policiers (sous trois pseudonymes) puis d\'auteur de romans historiques (sous son vrai nom).  Il a reçu le \"Prix Jean d\'heurs du Roman historique\" pour La Reine Soleil, le \"Prix des Maisons de la Presse\" pour L´Affaire Toutankhamon et a été couronné par \"l\'Académie Française\" pour L\'Égypte des pharaons. Il est l\'auteur d\'une série sur Ramsès ainsi que de Champollion l\'Égyptien.  Il écrit aussi des romans policiers sous les pseudonymes de J.B Livingstone, Christopher Carter et Célestin Valois.', '1947-04-28', './image/auteurs/Christian_JACQ.jpg', 4),
(12, 'PLICHOTA et WOLF', 'Anne et Cendrine', 'Née le 7 mai 1968 à Dijon et d\'origine Ukrainienne, Anne Plichota qui a eu plusieurs métiers comme professeure de chinois ou aide-soignante, est maintenant bibliothécaire. Elle vit à Strasbourg et a une fille .</br></br> Cendrine Wolf est née le 16 mars 1969 à Colmar et a grandi dans des quartiers dits « difficiles ». Elle vit actuellement à Strasbourg.', NULL, './image/auteurs/Anne_PLICHOTA_Cendrine_WOLF.jpg', 4),
(13, 'VANIER', 'Nicolas', 'Nicolas Vanier est un réalisateur et écrivain français, mais également un explorateur. Il est connu pour avoir notamment réalisé Belle et Sébastien et Le Dernier Trappeur.  Nicolas Vanier grandit en Sologne et se découvre très jeune une passion pour le Grand Nord. En 1979, il se lance dans une expédition : la traversée à pied de la Laponie. Une expédition qui sera la première d\'une longue série. En 1983, il part à la conquête du Grand Nord québécois en canoë, avant de s\'enfoncer encore un peu plus dans le Québec avec des chiens de traîneaux. Cette aventure fera l\'objet d\'un livre et d\'un documentaire intitulé \"Coureurs des Bois\". S\'ensuivent alors de nombreuses autres explorations : les Rocheuses en 1986, la Sibérie en 1990 ou encore l\'Odyssée blanche en 1999 (un parcours partant de l\'Alaska et arrivant à Québec). Durant toutes ces années, il continue à publier différents livres retraçant ses épopées. Fort de toutes ses découvertes, Nicolas Vanier décide de réaliser un film s\'inspirant de ses périples. Après un an et demi de tournage, Le Dernier Trappeur sort au cinéma en 2004. Quatre ans plus tard, il tourne le film Loup, dont l\'histoire est tirée de son odyssée dans le Grand Nord. Mais c\'est en 2013 qu\'il se fait connaître du grand public en tant que réalisateur avec le célèbre Belle et Sébastien. Entre deux films, Nicolas Vanier ne perd pas son amour pour les grands espaces et les longues expéditions. En 2005, il effectua notamment l\'Odyssée sibérienne, un voyage de plus de 8 000 kilomètres traversant la Sibérie grâce à des chiens de traîneau.', '1962-05-05', './image/auteurs/Nicolas_VANIER.jpg', 4);

-- --------------------------------------------------------

--
-- Structure de la table `editeurs`
--

DROP TABLE IF EXISTS `editeurs`;
CREATE TABLE IF NOT EXISTS `editeurs` (
  `id_ed` bigint(20) UNSIGNED NOT NULL AUTO_INCREMENT,
  `nom_ed` varchar(60) NOT NULL,
  `adresse_ed` varchar(100) DEFAULT NULL,
  `img_ed` varchar(200) CHARACTER SET utf8 COLLATE utf8_general_ci DEFAULT './image/img_par_defaut.jpg',
  PRIMARY KEY (`id_ed`),
  KEY `nom_ed` (`nom_ed`),
  KEY `id_ed` (`id_ed`)
) ENGINE=InnoDB AUTO_INCREMENT=7 DEFAULT CHARSET=utf8;

--
-- Déchargement des données de la table `editeurs`
--

INSERT INTO `editeurs` (`id_ed`, `nom_ed`, `adresse_ed`, `img_ed`) VALUES
(1, 'Gallimard', '5 Rue Gaston Gallimard - 75007 Paris', './image/editeurs/gallimard.jpg'),
(2, 'Pocket', '92 avenue de France - 75713 Paris', './image/editeurs/pocket.jpg'),
(3, 'Hachette', '11 Rue Paul Bert - 92240 Malakoff', './image/editeurs/hachette.jpg'),
(4, 'XO', '33 Avenue du Maine - 75015 Paris', './image/editeurs/XO.png');

-- --------------------------------------------------------

--
-- Structure de la table `livres`
--

DROP TABLE IF EXISTS `livres`;
CREATE TABLE IF NOT EXISTS `livres` (
  `id_livre` bigint(20) UNSIGNED NOT NULL AUTO_INCREMENT,
  `isbn` varchar(13) NOT NULL,
  `titre_livre` varchar(100) CHARACTER SET utf8 COLLATE utf8_general_ci NOT NULL,
  `prix_livre` decimal(6,2) DEFAULT NULL,
  `img_livre` text CHARACTER SET utf8 COLLATE utf8_general_ci NOT NULL,
  `resume_livre` text CHARACTER SET utf8 COLLATE utf8_general_ci,
  `id_au` bigint(20) UNSIGNED NOT NULL,
  PRIMARY KEY (`id_livre`) USING BTREE,
  UNIQUE KEY `id_livre` (`id_livre`),
  KEY `titre_livre` (`titre_livre`),
  KEY `isbn` (`isbn`),
  KEY `id_au` (`id_au`)
) ENGINE=InnoDB AUTO_INCREMENT=97 DEFAULT CHARSET=utf8;

--
-- Déchargement des données de la table `livres`
--

INSERT INTO `livres` (`id_livre`, `isbn`, `titre_livre`, `prix_livre`, `img_livre`, `resume_livre`, `id_au`) VALUES
(1, '9782075088404', 'Le Monde de Narnia, Tome 1 : Le Neveu du Magicien', '10.00', './image/livres/Narnia_1.jpg', 'Polly trouve parfois que la vie à Londres n\'est guère passionnante... jusqu\'au jour où elle rencontre son nouveau voisin, Digory. Il vit avec sa mère, gravement malade, et un vieil oncle au comportement étrange. Celui-ci force les deux enfants à essayer des bagues magiques qui les transportent dans un monde inconnu. Commence alors la plus extraordinaire des aventures...', 1),
(2, '9782075088459', 'Le Monde de Narnia, Tome 2 : Le Lion, la Sorcière Blanche et l\'Armoire magique', '10.00', './image/livres/Narnia_2.jpg', 'Narnia... Un royaume merveilleux condamné à un hiver éternel, un pays qui attend d\'être libéré d\'une emprise maléfique. L\'arrivée extraordinaire de quatre enfants fait renaître l\'espoir. S\'ils trouvent Aslan, le grand Lion, les pouvoirs de la Sorcière Blanche pourraient enfin être anéantis...', 1),
(3, '9782075088503', 'Le Monde de Narnia, Tome 3 : Le Cheval et son Ecuyer', '10.00', './image/livres/Narnia_3.jpg', 'Shasta, maltraité par le pêcheur qui l\'a recueilli et élevé, quitte le pays de Calormen en compagnie de Bree, un cheval doué de parole. Ils n\'ont qu\'un espoir : rejoindre le merveilleux royaume de Narnia... En chemin, ils rencontrent une jeune fille de noble naissance, Aravis, qui fuit un mariage forcé. D\'aventure en aventure, les deux héros perceront-ils le mystère qui entoure la naissance de Shasta ?', 1),
(4, '9782075088558', 'Le Monde de Narnia, Tome 4 : Le Prince Caspian', '10.00', './image/livres/Narnia_4.jpg', 'Peter, Susan, Edmund et Lucy sont de retour dans le monde merveilleux de Narnia. Mais si pour eux une seule année s\'est écoulée, dans leur ancien royaume, des siècles ont passé. Le terrible roi Miraz a pris le pouvoir et le pays tout entier est désolé. Seul le prince Caspian peut rétablir l\'harmonie. Les enfants parviendront-ils à le retrouver ?', 1),
(5, '9782075088602', 'Le Monde de Narnia, Tome 5 : L’Odyssée du Passeur d’Aurore', '10.00', './image/livres/Narnia_5.jpg', 'Eustache Clarence est le garçon le plus insupportable d\'Angleterre : c\'est du moins l\'avis de ses cousins, Edmund et Lucy. Hélas, les voilà condamnés à le supporter durant l\'absence de leurs parents ! Mais le jour où les trois enfants entrent dans un tableau et sont précipités dans les flots, à quelques brasses du navire de Caspian, roi de Narnia, Eustache perd sa belle assurance. Quelle part prendra-t-il à l\'extraordinaire aventure qui les attend ? Le monde enchanté de Narnia, le pays de l\'imaginaire, vous attend.', 1),
(6, '9782075088657', 'Le Monde de Narnia, Tome 6 : Le Fauteuil d’Argent', '10.00', './image/livres/Narnia_6.jpg', 'Pour Jill et Eustache, la vie à l\'école est dure! Un jour, voulant échapper à d\'autres élèves qui les brutalisent, ils ouvrent la petite porte du jardin. Au lieu de la lande morne et grise, ils découvrent une contrée radieuse, le pays d\'Aslan, le grand lion. Celui-ci leur confie une mission : retrouver Rilian, prince héritier de Narnia, enlevé des années plus tôt par un horrible serpent...', 1),
(7, '9782075088701', 'Le Monde de Narnia, Tome 7 : La Dernière Bataille', '10.00', './image/livres/Narnia_7.jpg', 'Captif et désespéré, le dernier roi de Narnia appelle à son secours les enfants qui, tant de fois par le passé, ont sauvé le royaume de la destruction. Jill et Eustache sont donc de nouveau transportés à Narnia dont ils rêvent chaque jour en secret. Mais parviendront-ils, cette fois, à éviter le pire ? Car cette aventure pourrait bien être la dernière...', 1),
(8, '9782072747625', 'A la Croisée des Mondes I : Les Royaumes du Nord', '8.00', './image/livres/Croisee_des_mondes_1.jpg', 'La jeune Lyra, élevée à Oxford au sein du prestigieux Jordan College, dans le monde austère des Érudits, mène entre ces vénérables murs une existence intrépide de sauvageonne, en compagnie de Roger, le marmiton. Depuis quelque temps, une invisible menace semble planer sur le monde connu, une mystérieuse Poussière qui tombe du ciel. Des expéditions sont organisées vers les régions lointaines et inhospitalières du Nord, d\'où semble venir le fléau. Existe-t-il un lien entre la Poussière et les nombreuses disparitions d\'enfants que leurs ravisseurs semblent conduire vers le Nord, pour leur faire subir, dit-on, d\'atroces mutilations ? Quand Roger disparaît à son tour, Lyra n\'hésite pas à se lancer sur ses traces, aidée par le peuple des gitans… Un voyage vers le Grand Nord, périlleux et exaltant, qui lui apportera la révélation de ses extraordinaires pouvoirs et la conduira à la frontière d\'un autre monde.', 2),
(9, '9782070348206', 'A la Croisée des Mondes II : La Tour des Anges', '8.00', './image/livres/Croisee_des_mondes_2.jpg', '«Ils atteignirent une tour qui se dressait sur une petite place, solitaire. C\'était apparemment le plus vieil édifice de la ville : une simple tour crénelée, haute de trois étages. Son immobilité en plein soleil avait quelque chose de si mystérieux que Will et Lyra se sentirent attirés par cette porte entrouverte au sommet d\'un large escalier.» Le jeune Will Parry, à la recherche de son père disparu depuis de longues années, est poursuivi par des hommes dont il sait peu de choses. Il traverse une brèche presque invisible, et pénètre dans une étrange cité, Cittàgazze, où des spectres mangeurs d\'âmes rôdent dans les rues. Il y rencontre Lyra Parle-d \'Or, qui a franchi le pont entre les mondes édifié par Lord Asriel. Elle aussi cherche à rejoindre son père. Ensemble, ils vont entamer un périlleux voyage à travers les dimensions, et découvrir un secret mortel : un objet d\'une puissance extraordinaire et dévastatrice. Ils devront lutter contre les forces obscures du mal et, pour accomplir leur quête, pénétrer dans une mystérieuse tour, la Torre degli Angeli...', 2),
(10, '9782070348213', 'A la Croisée des Mondes III : Le Miroir d’Ambre', '9.00', './image/livres/Croisee_des_mondes_3.jpg', '«Will, prudemment, suivit Mme Coulter à l\'intérieur de la grotte, vers la petite silhouette immobile, couchée dans l\'obscurité. Elle était là, son amie la plus chère, endormie. Will s\'agenouilla près d\'elle et repoussa ses cheveux. Pantalaimon était blotti dans son cou, sous sa forme de moufette, sa fourrure luisait et les cheveux de Lyra étaient plaqués sur son front par la sueur.» Séparée de son compagnon Will, la jeune Lyra est retenue prisonnière par l\'ambitieuse et impitoyable Mme Coulter qui, pour mieux s\'assurer de sa docilité, l\'a plongée dans un sommeil artificiel. Parti à sa recherche escorté de deux anges, Balthamos et Baruch, Will parvient au prix d\'un terrible sacrifice à la délivrer. Mais une mission encore plus périlleuse les attend : un voyage dans une contrée d\'où nulle âme n\'est jamais revenue, le royaume des morts... Conteur exceptionnel, Philip Pullman conclut avec brio une trilogie qui figure d\'ores et déjà au panthéon des littératures de l\'imaginaire, et signe là un pur chef-d\'œuvre.', 2),
(11, '9782070624522', 'Harry Potter I : A l’Ecole des Sorciers', '21.00', './image/livres/Harry_Potter_1.jpg', 'Le jour de ses onze ans, Harry Potter, un orphelin élevé par un oncle et une tante qui le détestent, voit son existence bouleversée. Un géant vient le chercher pour l\'emmener à Poudlard, une école de sorcellerie! Voler en balai, jeter des sorts, combattre les trolls: Harry se révèle un sorcier doué. Mais un mystère entoure sa naissance et l\'effroyable V., le mage dont personne n\'ose prononcer le nom', 3),
(12, '9782070624539', 'Harry Potter II : Et la Chambre des Secrets', '21.00', './image/livres/Harry_Potter_2.jpg', 'Une rentrée fracassante en voiture volante, une étrange malédiction qui s\'abat sur les élèves, cette deuxième année à l\'école des sorciers ne s\'annonce pas de tout repos ! Entre les cours de potions magiques, les matchs de Quidditch et les combats de mauvais sorts, Harry et ses amis Ron et Hermione trouveront-ils le temps de percer le mystère de la Chambre des Secrets ?', 3),
(13, '9782070624546', 'Harry Potter III : Et le Prisonnier d’Azkaban', '22.00', './image/livres/Harry_Potter_3.jpg', 'Harry Potter a treize ans. Après des vacances insupportables chez les horribles Dursley, il retrouve ses fidèles amis, Ron et Hermione, pour prendre le train qui les ramène au collège Poudlard. Le monde des gens ordinaires, les Moldus, comme celui des sorciers, est en émoi : aux dernières nouvelles, Sirius Black, un dangereux criminel proche de Voldemort, s\'est échappé de la prison d\'Azkaban. Les redoutables gardiens de la prison assureront la sécurité du collège Poudlard, car le prisonnier évadé recherche Harry Potter, responsable de l\'élimination de son maître. C\'est donc sous bonne garde que l\'apprenti sorcier fait sa troisième rentrée. Au programme : des cours de divination, la fabrication d\'une potion de ratatinage, le dressage des hippogriffes... Mais Harry est-il vraiment à l\'abri du danger qui le menace?', 3),
(14, '9782070624553', 'Harry Potter IV : Et la Coupe de Feu', '27.00', './image/livres/Harry_Potter_4.jpg', 'Harry Potter a quatorze ans et entre en quatrième année à Poudlard. Une grande nouvelle attend Harry, Ron et Hermione à leur arrivée : la tenue d\'un tournoi de magie exceptionnel entre les plus célèbres écoles de sorcellerie. Déjà les délégations étrangères font leur entrée. Harry se réjouit... Trop vite. Il va se trouver plongé au cœur des événements les plus dramatiques qu\'il ait jamais eu à affronter.', 3),
(15, '9782070624560', 'Harry Potter V : Et l’Ordre du Phénix', '29.00', './image/livres/Harry_Potter_5.jpg', 'À quinze ans, Harry entre en cinquième année à Poudlard, mais il n\'a jamais été si anxieux. L\'adolescence, la perspective des examens et ces étranges cauchemars... Car Celui-Dont-On-Ne-Doit-Pas-Prononcer-Le-Nom est de retour. Le ministère de la Magie semble ne pas prendre cette menace au sérieux, contrairement à Dumbledore. La résistance s\'organise alors autour de Harry qui va devoir compter sur le courage et la fidélité de ses amis de toujours...', 3),
(16, '9782070624904', 'Harry Potter VI : Et le Prince de Sang-Mêlé', '27.00', './image/livres/Harry_Potter_6.jpg', 'Dans un monde de plus en plus inquiétant, Harry se prépare à retrouver Ron et Hermione. Bientôt, ce sera la rentrée à Poudlard, avec les autres étudiants de sixième année. Mais pourquoi Dumbledore vient-il en personne chercher Harry chez les Dursley ? Dans quels extraordinaires voyages au cœur de la mémoire va-t-il l\'entraîner ?', 3),
(17, '9782070624911', 'Harry Potter VII : Et les Reliques de la Mort', '28.00', './image/livres/Harry_Potter_7.jpg', 'Cette année, Harry a dix-sept ans et ne retourne pas à Poudlard. Avec Ron et Hermione, il se consacre à la dernière mission confiée par Dumbledore. Mais le Seigneur des Ténèbres règne en maître. Traqués, les trois fidèles amis sont contraints à la clandestinité. D\'épreuves en révélations, le courage, les choix et les sacrifices de Harry seront déterminants dans la lutte contre les forces du Mal.', 3),
(18, '9782072847134', 'L’Appel de la Forêt', '5.00', './image/livres/Appel_de_la_foret.jpg', 'L’Appel de la forêt est un roman de formation. Ou plutôt de dé-formation : La métamorphose d\'un étrange chien des terres du Sud en un loup affrontant les déserts blancs du Grand Nord. C’est l’histoire d’un retour aux origines primitives, du réveil des instincts sauvages trop longtemps anesthésiés par la domestication. En s’identifiant au chien-loup, le lecteur éprouve toutes les passions qui se bousculent dans une vie et un cœur d’homme au hasard des rencontres. Au-delà d’un grand récit sur la conquête de la liberté individuelle et sur l’amour qui transcende l’hostilité d’un monde cruel, London défend ici l’idée d’une intelligence animale : pour lui, elle se manifeste par des sensations, des émotions et une forme de conscience et de raison rudimentaires. Ce chien sent, aime, comprend, souffre : il est notre frère. En donnant à son héros la dignité d’un membre de la famille «différent», London anticipe nos débats contemporains sur la place de l’animal dans la société et sur l’acceptation de la différence. Buck, le chien-loup qui voulait vivre parmi les hommes, est à jamais une figure de notre humanité, et l’un des plus grands personnages de notre littérature.', 4),
(19, '9782072732041', 'Croc-Blanc', '6.00', './image/livres/Croc_blanc.jpg', 'Dans les bars de Dawson City, Jack London écoute les histoires de bêtes sauvages rencontrées dans les forêts du Grand Nord, que racontent les chercheurs d’or. Il lit Darwin, se passionne pour la théorie de l’évolution. Se nourrissant à toutes les sources, travaillant avec une énergie indomptable, il écrit en 1906 ce conte cruel. Roman de formation, Croc-Blanc fait entrer le lecteur dans la conscience d’un loup : nous partageons ses émotions, nous vivons ses aventures de liberté et de servitude, de souffrance, de combat, d\'amour filial. Précurseur, London montre le caractère relatif de la frontière entre les espèces, installe l’hypothèse d’une intelligence animale et fait l’éloge de l’élan vital qui régit l’existence de toute créature vivante.', 4),
(20, '9782266260770', 'Hunger Games', '7.00', './image/livres/Hunger_games_1.jpg', 'Dans un futur sombre, sur les ruines des États-Unis, un jeu télévisé est créé pour contrôler le peuple par la terreur. Douze garçons et douze filles tirés au sort participent à cette sinistre téléréalité, que tout le monde est forcé de regarder en direct. Une seule règle dans l’arène : survivre, à tout prix. Quand sa petite sœur est appelée pour participer aux Hunger Games, Katniss n’hésite pas une seconde. Elle prend sa place, consciente du danger. À seize ans, Katniss a déjà été confrontée plusieurs fois à la mort. Chez elle, survivre est comme une seconde nature…', 6),
(21, '9782266260787', 'Hunger Games : L’Embrasement', '7.00', './image/livres/Hunger_games_2.jpg', 'Après le succès des derniers Hunger Games, le peuple de Panem est impatient de retrouver Katniss et Peeta pour la Tournée de la victoire. Mais pour Katniss, il s\'agit surtout d\'une tournée de la dernière chance. Celle qui a osé défier le Capitole est devenue le symbole d\'une rébellion qui pourrait bien embraser Panem. Si elle échoue à ramener le calme dans les districts, le président Snow n\'hésitera pas à noyer dans le sang le feu de la révolte. À l\'aube des Jeux de l\'Expiation, le piège du Capitole se referme sur Katniss...', 6),
(22, '9782266260794', 'Hunger Games : La Révolte', '7.00', './image/livres/Hunger_games_3.jpg', 'Contre toute attente, Katniss a survécu une seconde fois aux Hunger Games. Mais le Capitole crie vengeance. Katniss doit payer les humiliations qu\'elle lui a fait subir. Et le président Snow a été très clair : Katniss n\'est pas la seule à risquer sa vie. Sa famille, ses amis et tous les anciens habitants du district Douze sont visés par la colère sanglante du pouvoir. Pour sauver les siens, Katniss doit redevenir le geai moqueur, le symbole de la rébellion. Quel que soit le prix à payer.\r\n', 6),
(23, '9782266305754', 'Hunger Games : La Ballade du Serpent et de L’Oiseau Chanteur', '19.00', './image/livres/Hunger_games_HS.jpg', 'C\'est le matin de la Moisson qui doit ouvrir la dixième édition annuelle des Hunger Games. Au Capitole, Coriolanus Snow, dix-huit ans, se prépare à devenir pour la première fois mentor aux Jeux. L\'avenir de la maison Snow, qui a connu des jours meilleurs, est désormais suspendu aux maigres chances de Coriolanus. Il devra faire preuve de charme, d\'astuce et d\'inventivité pour faire gagner sa candidate. Mais le sort s’acharne. Honte suprême, on lui a confié le plus misérable des tributs : une fille du district Douze. Leurs destins sont désormais liés. Chaque décision peut les conduire à la réussite ou à l\'échec, au triomphe ou à la ruine. Dans l\'arène, ce sera un combat à mort. Pour assouvir son ambition, Coriolanus parviendra-t-il à réprimer l’affection grandissante qu’il ressent pour sa candidate, condamnée d’avance ?', 6),
(24, '9782266282369', 'Le Seigneur des Anneaux : La Fraternité de L’Anneau', '7.00', './image/livres/Seigneur_des_anneaux_1.jpg', 'L\'Anneau de Pouvoir, forgé par Sauron au cœur de la Montagne du Feu, dépositaire de son sombre pouvoir, est perdu. Nul ne sait ce qu\'il est devenu depuis qu\'un homme l\'a arraché de la main du Seigneur Sombre et, ainsi, put chasser ce dernier hors du monde. Mais de noirs présages s\'étendent à nouveau sur la Terre du Milieu, les créatures maléfiques se multiplient et, dans les Montagnes de Brume, les Orques traquent les Nains. L\'ennemi veut récupérer son bien, son Maître le cherche partout et l’œil de Sauron est désormais pointé sur le Comté. Heureusement Gandalf le Gris les a devancés, s\'ils font vite, lui et le petit Frodo parviendront peut-être à détruire l\'Anneau à temps...', 7),
(25, '9782266282376', 'Le Seigneur des Anneaux : Les Deux Tours', '7.00', './image/livres/Seigneur_des_anneaux_2.jpg', 'Les neux compagnons avaient fondé la Fraternité de l\'Anneau, tous soudés autour de Frodo, dépositaire de l\'Anneau de Pouvoir, chargé de le détruire en le jetant dans la Montagne du Feu, où il fut forgé par son maître. Mais c\'est là une quête terrible et semée d\'embûches. Leur guide, Gandalf, a disparu, Boromir, comme pris de folie, a voulu s\'emparer de l\'Anneau, Frodo a dû s\'échapper et poursuit, esseulé, mais déterminé, son voyage jusqu\'au cœur du Mordor. La Fraternité est dissoute, les Ténèbres s\'étendent toujours plus, et l\'avenir de la Terre du Millieu repose sur les frêles épaules d\'un courageux petit Hobbit.', 7),
(26, '9782266282383', 'Le Seigneur des Anneaux : Le Retour du Roi', '7.00', './image/livres/Seigneur_des_anneaux_3.jpg', 'Alors que tous cherchent l\'Anneau et désirent s\'approprier son funeste pouvoir, la guerre se prépare. Le Mordor s\'est armé, ses créatures malfaisantes se sont multipliées, Sauron mobilise ses troupes. La Terre du Milieu n\'a plus le choix, elle doit se défendre et, déjà, les combats font rage. Les Rohirrim se regroupent pour faire face à la menace. Mais si l\'Anneau tombe entre les mains du Seigneur Sombre, qui pourra l\'arrêter ? Tous les espoirs reposent sur Frodo. Face à la Porte Noire, celui-ci est désemparé. Comment passer et atteindre la Montagne du Feu ? Il doit tenter sa chance, en passant par le haut col de Cirith Ungol. Le simple Hobbit rassemble toutes ses forces, son courage et se dresse, seul ou presque, face au Maître de l\'Anneau.', 7),
(27, '9782266263696', 'Sous la Même Etoile', '17.00', './image/livres/Sous_la_meme_etoile.jpg', 'Une fois le lycée terminé, Hunter et sa demi-soeur Ashlin décident de prendre une année sabbatique et d’emménager chez leur père. Là-bas, ils retrouvent Chance, un garçon fantasque avec qui ils passent tous leurs étés depuis l’enfance. Si le jeune homme les a toujours fascinés, Ashlin et Hunter éprouvent bientôt pour lui de tout autres sentiments. Mais ils comprennent aussi que les excentricités de Chance dissimulent une vérité bien plus noire…', 8),
(28, '9782266263290', 'Le Piège de l’Innocence', '17.00', './image/livres/Piege_de_linnocence.jpg', 'Vic Howard a toujours été transparent, ignoré de tous, même de sa propre mère. Un soir, alors qu\'il s\'ennuie à une fête, il remarque que Callie, une fille de son lycée, a beaucoup trop bu. Il décide de lui venir en aide. Au matin, la police sonne chez Vic : Callie a été violée, il est le principal suspect. Du jour au lendemain, il est le centre de l\'attention, tous le considèrent coupable. Sauf Autumn, la meilleure amie de la victime, qui compte bien s\'allier à Vic pour découvrir une vérité que tout le monde préfère taire.', 8),
(29, '9782266265942', 'La Rencontre du Dernier Espoir', '17.00', './image/livres/Rencontre_du_derniere_espoir.jpg', 'Durant dix-huit ans, Vincent n’a cessé d’être trimballé de foyer en foyer. Quand Maggie le recueille, il pense avoir enfin trouvé son refuge. Mais il se trompe, une fois de plus. Brisé, Vince consulte Suicide Watch, un forum destiné à ceux qui songent à la mort. Il y rencontre Casper, tentée d’abandonner son combat contre le cancer, et le très discret Adam, qui se croit insignifiant. Vince va devoir faire un choix : vivre et affronter ses sentiments ou mourir sans savoir s’il aurait pu, un jour, goûter au bonheur.', 8),
(30, '9782013212113', 'Twilight, Tome 1 : Fascination', '8.00', './image/livres/Twilight_1.jpg', 'Bella, dix-sept ans, quitte l’Arizona ensoleillé où elle vivait avec sa mère pour s’installer chez son père. Elle croit renoncer à tout ce qu’elle aime, certaine qu’elle ne s’habituera jamais à la pluie, ni à la petite ville de Forks. La rencontre d’Edward, un lycéen de son âge d’une beauté inquiétante, pourrait lui faire changer d’avis… Quels mystères cache cet être insaisissable aux humeurs si changeantes ? À la fois attirant et inatteignable, Edward Cullen n’est pas humain. Il est au-delà de cela. Bella en est convaincue. Voici le premier tome de la saga phénomène Twilight vendue à plus de cent vingt millions d’exemplaires dans le monde.', 9),
(31, '9782013223409', 'Twilight, Tome 2 : Tentation', '8.00', './image/livres/Twilight_2.jpg', '« Tu ne me reverras plus. Je ne reviendrai pas. Poursuis ta vie, je ne m\'en mêlerai plus. Ce sera comme si je n\'avais jamais existé. » Rejetée par celui qu\'elle aime passionnément, Bella ne parvient pas à s’en remettre. Après avoir été fascinée par un vampire, l’existence humaine lui paraît bien pâle. Pourtant il faut vivre. Pour combler son vide affectif, Bella court après le danger et multiplie les prises de risque. Edward n\'étant plus là pour la protéger, elle peut compter sur Jacob, l’ami discret et inébranlable qui va veiller sur elle. Seulement, leur relation n’est peut-être pas dénuée de sentiments amoureux… Pour le découvrir, dévorez le deuxième tome de la saga internationale Twilight !', 9),
(32, '9782013224598', 'Twilight, Tome 3 : Hésitation', '8.00', './image/livres/Twilight_3.jpg', '« Deux futurs, deux âmes sœurs... C\'était trop pour une seule personne. Je compris que ce n\'était pas Edward et Jacob que j\'avais essayé de réconcilier, c\'étaient les deux parts de moi-même, la Bella d\'Edward et la Bella de Jacob. Malheureusement, elles ne pouvaient coexister et j\'avais eu tort de tenter de les y contraindre. À présent, je ne doute pas de ce que je désire, ni de ce dont j\'ai besoin... ni de ce que je vais faire, là, maintenant. » Dans le troisième tome de la saga phénomène Twilight , Bella est confrontée à la plus importante décision de sa vie : elle doit choisir entre son amour pour Edward et son amitié pour Jacob. Or sa décision risque de relancer la guerre entre les deux ennemis et leur clan respectif.', 9),
(33, '9782013232722', 'Twilight, Tome 4 : Révélation', '9.00', './image/livres/Twilight_4.jpg', '« N\'aie pas peur, murmurai-je. Nous sommes faits l\'un pour l\'autre. » L\'instant était si parfait, si juste, qu\'il était impossible d\'en douter. Ses bras se refermèrent autour de moi, me pressant contre lui... « À jamais. », renchérit-il. Bella a fait son choix, plus rien ne semble pouvoir l\'empêcher de vivre ses rêves. Seulement sa décision pourrait s\'avérer bien plus dangereuse qu\'elle n\'y paraît. Et si Bella risquait d\'y perdre la vie ? L’ultime tome de la saga phénomène Twilight promet de nombreux rebondissements et des révélations hautes en couleur qui ne manqueront pas de vous surprendre…', 9),
(34, '9782013974226', 'Twilight : A la Vie à la Mort', '20.00', './image/livres/Twilight_5.jpeg', 'Bella, dix-sept ans, quitte l’Arizona ensoleillé où elle vivait avec sa mère pour s’installer chez son père. Elle croit renoncer à tout ce qu’elle aime, certaine qu’elle ne s’habituera jamais à la pluie, ni à la petite ville de Forks. La rencontre d’Edward, un lycéen de son âge d’une beauté inquiétante, pourrait lui faire changer d’avis… Quels mystères cache cet être insaisissable aux humeurs si changeantes ? À la fois attirant et inatteignable, Edward Cullen n’est pas humain. Il est au-delà de cela. Bella en est convaincue. Voici le premier tome de la saga phénomène Twilight vendue à plus de cent vingt millions d’exemplaires dans le monde. </br> Lorsque Beaufort Swan emménage dans l’insignifiante bourgade de Fork et rencontre la mystérieuse Edythe Cullen, sa vie prend un tournant aussi excitant que terrifiant. Avec sa peau de marbre, ses yeux dorés, sa voix envoûtante et ses dons surnaturels, Edythe est à la fois irrésistible et énigmatique. Ce que Beau ne sait pas encore, c’est que plus il se rapproche d’elle, plus lui et son entourage sont en danger. Et il se peut qu’il soit trop tard pour faire demi-tour…', 9),
(35, '9782012021167', 'Twilight : L’Appel du Sang', '14.00', './image/livres/Twilight_6.jpg', 'Je me demande comment vous réagirez en face de Bree. Elle est un personnage si fugitif, apparemment si insignifiant d’Hésitation. Elle ne vit que cinq minutes sous le regard de Bella. Pourtant, son histoire est nécessaire à la compréhension du roman. J’espère que vous apprécierez Bree autant que moi, même si ce souhait est un peu cruel. Vous savez déjà que cela ne se termine pas bien pour elle. Au moins, vous connaîtrez son histoire, désormais. Et vous comprendrez qu’aucun point de vue n’est jamais tout à fait insignifiant. S. M. En bonus, les pages de Tous les secrets de la saga Twilight consacrées à Bree Tanner et aux vampires nouveau-nés, ainsi qu’une playlist de l’auteur.', 9),
(36, '9782253108603', 'Cris', '5.00', './image/livres/Cris.jpg', 'Ils se nomment Marius, Boris, Ripoll, Rénier, Barboni ou M’Bossolo. Dans les tranchées où ils se terrent, dans les boyaux d’où ils s’élancent selon le flux et le reflux des assauts, ils partagent l’insoutenable fraternité de la guerre de 1914. Loin devant eux, un gazé agonise. Plus loin encore, retentit l’horrible cri de ce soldat fou qu’ils imaginent perdu entre les deux lignes du front, « l’homme-cochon ». À l’arrière, Jules, le permissionnaire, s’éloigne vers la vie normale, mais les voix de ses compagnons d’armes le poursuivent avec acharnement. Elles s’élèvent comme un chant, comme un mémorial de douleur et de tragique solidarité.', 10),
(37, '9782253108610', 'La Mort du Roi Tsongor', '6.00', './image/livres/Mort_du_roi_Tsongor.jpg', 'Dans une Antiquité imaginaire, le vieux Tsongor, roi de Massaba, souverain d\'un empire immense, s\'apprête à marier sa fille. Mais au jour des fiançailles, un deuxième prétendant surgit. La guerre éclate : c\'est Troie assiégée, c\'est Thèbes livrée à la haine. Le monarque s\'éteint ; son plus jeune fils s\'en va parcourir le continent pour édifier sept tombeaux à l\'image de ce que fut le vénéré -et aussi le haïssable -roi Tsongor.\r\nRoman des origines, récit épique et initiatique, le livre de Laurent Gaudé déploie dans une langue enivrante les étendards de la bravoure, la flamboyante beauté des héros, mais aussi l\'insidieuse révélation, en eux, de la défaite. Car en chacun doit s\'accomplir, de quelque manière, l\'apprentissage de la honte.', 10),
(38, '9782845633612', 'Toutankhâmon : L’Ultime Secret', '21.00', './image/livres/Toutankhamon.jpg', 'Le Caire, 1951. Farouk règne en tyran cruel et débauché sur l’Égypte. À l’invitation d’une lettre anonyme, l’avocat américain Mark Wilder arrive sur la terre des pharaons pour découvrir… qui il est vraiment ! Au cœur du quartier chrétien du Caire, il rencontre un religieux aux étranges pouvoirs, descendant des grands prêtres d’Amon, dont les révélations bouleversent son existence. Mark accepte une mission à haut risque : retrouver l’ultime secret de Toutânkhamon, un trésor soigneusement dissimulé par le pharaon lui-même. Depuis l’ouverture de la tombe, tout le monde le cherche en vain, au point qu’il est devenu une légende, comme la malédiction qui aurait poursuivi tous ceux qui ont dérangé le dernier sommeil du pharaon…\r\nAidé par Ateya, une jeune copte dont il tombe follement amoureux, Mark pénètre dans la tourmente d’une Égypte où la magie bénéfique des pharaons menace de disparaître, laissant les temps modernes seuls et désemparés face à l’emprise du Mal.', 11),
(39, '9782845635739', 'Le Dernier Rêve de Cléopâtre', '21.00', './image/livres/Reve_de_Cleopatre.jpg', 'Être reine à dix-huit ans, vouloir réformer son pays, se voir condamnée à l’exil par son frère, un gamin se prenant pour un roi, et mourir désespérée loin de son royaume : tel devait être le destin de Cléopâtre. Un destin qu’elle n’accepte pas. Mais comment reconquérir la « très brillante Alexandrie » dans un Orient mis à feu et à sang par la lutte acharnée que se livrent César et Pompée ? C’est alors que Cléopâtre, cette jeune femme à la culture exceptionnelle et à la beauté à couper le souffle, rencontre César, le conquérant des conquérants, le séducteur à l’intelligence et au charme irrésistibles. Uni par un amour fou, le couple le plus puissant du monde entreprend de rendre à l’Égypte sa splendeur. À l’écoute du mage Hermès, Cléopâtre la Grecque devient Cléopâtre l’Égyptienne. Un rêve insensé la guide : ressusciter l’empire des pharaons…', 11),
(40, '9782845636194', 'Nefertiti ; L’ombre du Soleil', '21.00', './image/livres/Nefertiti.jpg', 'Existe-t-il une histoire d’amour plus extraordinaire que celle de Néfertiti et d’Akhénaton ? Leur union, à la fois passionnelle et mystique, va changer le cours de l’histoire. « Elle, la femme la plus puissante d’Égypte, dotée des pouvoirs d’un pharaon, était seule face à la mort.\r\nComme toujours, Néfertiti lutta ; elle trouverait l’énergie nécessaire pour attendre l’homme qu’elle avait vénéré et soutenu, tout au long d’une quête de vingt années, parsemée de combats farouches et d’innovations qui avaient choqué tant d’esprits hostiles. Quelle aventure insensée, que de folies réalisées, que d’enthousiasme offert à une lumière nouvelle ! L’ eau frissonna sous l’effet d’un doux vent du nord, ses reflets éblouirent la servante du dieu Aton. Alors, Néfertiti se souvint… » Grâce aux découvertes égyptologiques les plus récentes, Christian Jacq nous transporte au cœur d’une Égypte en pleine mutation, rebâtissant pour nous, au milieu du désert, la cité d’Amarna, nous guidant dans les intrigues que le couple royal dut affronter sa vie durant et redonnant vie à Néfertiti, l’ombre de la lumière, l’ombre d’Akhénaton.', 11),
(41, '9782845633988', 'Le Procès de la Momie', '19.00', './image/livres/Proces_de_la_momie.jpg', 'L\'explorateur Giovanni Belzoni quitte les bords du Nil pour ceux de la Tamise. Il emporte avec lui une momie singulière, si bien conservée qu\'elle en paraît vivante. A Londres, Belzoni organise le débandelettage de sa trouvaille devant le fleuron de la bonne société. L\'étonnant spectacle fait scandale: trois notables manquent de respect à l\'antique dépouille. Mais on n\'insulte pas impunément la terre des pharaons : tous trois sont retrouvés morts le lendemain... et la momie a disparu. Chargé de résoudre les assassinats, l\'inspecteur Higgins, de Scotland Yard, soupçonne fort cette affaire d\'être liée à l\'agitation révolutionnaire qui secoue les bas-fonds londoniens. Crime après crime, celui dont on a troublé le repos lave dans le sang l\'affront qu\'on lui a fait...', 11),
(42, '9782845630017', 'La Pierre de Lumière, Tome 1 : Néfer le Silencieux', '21.00', './image/livres/Pierre_de_lumiere_1.jpg', 'Dans une cité interdite de la Haute-Égypte vit une poignée d\'artisans chargés de creuser et de décorer les tombes de la Vallée des Rois. Ici, un secret séculaire se perpétue de génération en génération : une formule pour fabriquer l\'or et la lumière qui ornent les demeures d\'éternité.\r\n\r\n\r\nÀ la fin du règne de Ramsès le Grand, un militaire thébain avide de pouvoir rêve de détruire la puissance des pharaons en s\'emparant de leur secret. Pour déjouer les plans de cet homme, l\'héritier d\'une dynastie de maîtres artisans, Nefer le Silencieux, s\'unit à Paneb l\'Ardent, un jeune paysan qui rêve d\'entrer dans la confrérie. Ensemble ils doivent sauver la Pierre de Lumière.', 11),
(43, '9782845630024', 'La Pierre de Lumière, Tome 2 : La Femme Sage', '21.00', './image/livres/Pierre_de_lumiere_2.jpg', 'A l\'heure où se préparent les funérailles de Ramsès, les artisans de la Place de la Vérité sont inquiets. Qui sait si le nouveau pharaon souhaitera poursuivre l\'ouvre de son père et protéger à son tour la prestigieuse cité dont l\'avenir est menacé ?\r\n\r\nMalgré la vigilance de Claire, devenue la \" femme sage \" de la cité, le village est en danger, Néfer le Silencieux, le nouveau maître des lieux, est accusé de malversations et d\'actes tyranniques. La nourriture et l\'eau ne sont plus livrées, la réserve des métaux précieux s\'amenuise, aux frontières se regroupent les troupes ennemies.\r\n\r\nLes artisans parviendront-ils à déjouer le complot qui les menace et à démasquer le traître qui ouvre parmi eux ?\r\n', 11),
(44, '9782845630031', 'La Pierre de Lumière, Tome 3 : Paneb l’Ardent', '21.00', './image/livres/Pierre_de_lumiere_3.jpg', 'Souvenons nous... un village mystérieux dans le désert, abritant un petit groupe d\'artisans chargés de la construction des splendides tombes des pharaons.\r\nSon nom : la Place de Vérité. Parmi ses habitants, trois personnages exceptionnels, le maître d\'ouvre Néfer le Silencieux, Claire la \" femme sage \", et l\'intrépide Paneb l\'Ardent, un artiste de génie. Mais, à l\'intérieur du village, se tapit aussi le fameux traître que personne n\'a réussi à identifier et qui veut à tout prix voler la Pierre de Lumière...\r\n\r\nAlors qu\'au même moment la révolte gronde aux frontières, et que l\'Egypte est au bord de la guerre civile parce qu\'à Pi-Ramsès, la capitale, le pharaon Séthi II est sur le point d\'envoyer l\'armée contre son propre fils qui a décidé de régner sur Thèbes.\r\n', 11),
(45, '9782845630048', 'La Pierre de Lumière, Tome 4 : La Place de Vérité', '21.00', './image/livres/Pierre_de_lumiere_4.jpg', 'La Place de Vérité est en deuil. Le maître incontesté de ce petit village secret, Néfer le Silencieux, a été sauvagement assassiné et personne ne sait qui est le coupable. Sa femme, Claire, est anéantie par le chagrin et ne sort plus de chez elle, et même l\'intrépide Paneb l\'Ardent semble un moment découragé.\r\n\r\nMais le travail de la confrérie d\'artisans chargés de creuser et d\'orner les tombes des pharaons doit se poursuivre, et le village a besoin d\'un nouveau responsable : c\'est justement Paneb qui est élu maître d\'ouvre, à la quasi unanimité !', 11),
(46, '9782845634602', 'Oksa Pollock, Tome 1 : L’Inespérée', '17.00', './image/livres/Oksa_Pollock_1.jpg', 'Le jour de la rentrée dans son nouveau collège à Londres, Oksa voit sa vie bouleversée : voilà qu\'elle découvre en elle des dons surnaturels ! Terrifiée à l\'idée de s\'attirer des ennuis, elle n\'ose d\'abord en parler à personne.\r\nPourtant, Dragomira, son excentrique mais sympathique grand-mère, aurait pu lui expliquer tout de suite la raison de ces surprenantes aptitudes, lui raconter enfin le secret qui pèse sur leur famille d\'exilés. La famille Pollock vient en effet d\'Edefia, un monde invisible caché quelque part sur terre.\r\nAu cours d\'aventures fantastiques, Oksa réussira finalement à concilier sa vie de collégienne ordinaire et son étonnant destin.Cendrine Wolf et Anne Plichota vivent à Strasbourg. Passionnées de littérature fantastique, elles signent ensemble un best-seller avec la saga Oksa Pollock.', 12),
(47, '9782845634626', 'Oksa Pollock, Tome 2 : La Forêt des Egarés', '17.00', './image/livres/Oksa_Pollock_2.jpg', 'Gus a disparu ! Le meilleur ami d\'Oksa s\'est volatilisé ce matin, quelque part dans St Proximus, leur magnifique collège londonien. Oksa ne retrouve que son portable, par terre dans une salle de classe.\r\nDans la mémoire de l\'appareil, la photo, floue, d\'une femme étrangement familière. Qui est-elle ? Qu\'est devenu Gus ? La jeune fille l\'ignore encore, mais, en cherchant la vérité, elle va révéler des secrets de famille jusque-là soigneusement cachés. Et dangereux. Alors pour sauver son ami, elle n\'hésite pas à plonger dans un monde parallèle, un monde où la magie côtoie la peur, où les épreuves mortelles n\'épargneront pas les Sauve-Qui-Peut.\r\nCendrine Wolf et Anne Plichota vivent à Strasbourg. Passionnées de littérature fantastique, elles signent ensemble un best-seller avec la saga Oksa Pollock.', 12),
(48, '9782845634633', 'Oksa Pollock, Tome 3 : Le Cœur des Deux Mondes', '17.00', './image/livres/Oksa_Pollock_3.jpg', 'La terre craque de toutes parts, Londres est envahie par les eaux furieuses de la Tamise ! Pour Oksa, la seule chance de rétablir l\'équilibre du monde est d\'atteindre l\'entrée secrète d\'Édéfia. Dans cette quête périlleuse, la Jeune Gracieuse va devoir s\'allier avec les Félons, ses ennemis mortels qui n\'attendent qu\'une faiblesse pour la trahir. Heureusement elle est entourée de sa famille, des fidèles Foldingots et de plein d\'autres créatures extravagantes !\r\nMais surtout, Oksa ignore complètement ce qu\'elle trouvera de l\'autre côté du Portail...\r\nCendrine Wolf et Anne Plichota vivent à Strasbourg. Passionnées de littérature fantastique, elles signent ensemble un best-seller avec la saga Oksa Pollock.', 12),
(49, '9782845635074', 'Oksa Pollock, Tome 4 : Les Liens Maudits', '18.00', './image/livres/Oksa_Pollock_4.jpg', 'Les temps changent... Un destin s\'accomplit...\r\nOksa vient d avoir seize ans. Alors que les Deux Mondes sont en plein chaos, elle devient enfin la nouvelle souveraine d\'Édéfia, la terre magique des origines, et doit rétablir l\'équilibre perdu.\r\nÉdéfia retrouvée est en bien mauvais état. Grâce à ses pouvoirs, Oksa commence à la restaurer. Mais les Félons - ses ennemis mortels - Ocious et ses fils -l\'attendent de pied ferme. Malgré la joie du peuple, ils mettent à feu et à sang les cités pour la capturer. Les combats se multiplient. Aidée des siens, des Sans-Âge et de ses fidèles créatures, Oksa tient bon et s\'attelle à ses premières tâches de Gracieuse.\r\nMais elle est aussi aux prises avec son destin de jeune fille. Qui est vraiment Tugdual, dont elle est de plus en plus amoureuse ? Reverra-t-elle sa mère et Gus, à qui son cœur est si attaché?\r\nDans Les liens maudits, les victoires ont un prix. Les liens du sang, les liens du cœurs entremêlent... Oksa saura-t-elle faire face ?\r\n', 12),
(50, '9782845635081', 'Oksa Pollock, Tome 5 : Le Règne des Félons', '18.00', './image/livres/Oksa_Pollock_5.jpg', 'Oksa et les Sauve-qui-Peut sont de retour dans la maison londonienne des Pollock, au grand soulagement des Refoulés. Mais Orthon et ses fils se sont glissés parmi eux lors de la traversée du portail d’édéfia. Alors que les Sauve-qui-Peut entreprennent de soigner Gus et Marie en danger de mort, Orthon met en place une véritable armée sur une plate-forme au large du Groenland. Son but : infiltrer les principaux gouvernements pour prendre le pouvoir par la manipulation, le chantage et la soumission psychologique.\r\nParallèlement, dans sa mégalomanie, il utilise à sa guise son fils biologique, Tugdual. Déterminée comme jamais, Oksa va se lancer dans cette redoutable aventure, alors que son cœur est soumis à rude épreuve, partagé entre l’espoir de sauver Tugdual et l’évolution de ses sentiments envers Gus. Avec la parution de ce 5e tome, la fantastique histoire d’Oksa Pollock continue.', 12),
(51, '9782845636439', 'Oksa Pollock, Tome 6 : La Dernière Etoile', '18.00', './image/livres/Oksa_Pollock_6.jpg', 'Une course contre la montre pour sauver les deux mondes Le temps s’accélère. Orthon, l’âme damnée des Sauve-Qui-Peut, est au faîte de sa puissance. Après avoir détourné la plupart des richesses mondiales, il s’apprête à devenir président des États-Unis. Exerçant sur lui une étroite surveillance, les Sauve-Qui-Peut ne tardent pas à découvrir que son but est ni plus ni moins de détruire la population des deux mondes pour construire un univers élitiste, où seuls ceux qu’il jugera dignes de vivre seront sauvés… Les Sauve-Qui-Peut sont les seuls à pouvoir l’arrêter avant qu’il ne soit trop tard. Car un autre danger plane, cette fois sur Édéfia : Orthon projette de détruire l’étoile qui la protège. Les conséquences seraient alors fatales pour Du-Dedans comme pour Oksa… De Détroit à la Maison Blanche, du Brésil au Japon, les Sauve-Qui-Peut se lancent dans une ultime mission, la plus périlleuse de toutes.', 12),
(52, '9782374481692', 'Oksa Pollock, L’espoir des Lendemains', '19.00', './image/livres/Oksa_Pollock_7.jpg', 'Voilà cinq ans qu’Oksa Pollock et les Sauve-Qui-Peut sont revenus à Édéfia… La Gracieuse Oksa est devenue une jeune femme épanouie. Entourée de ses créatures fantasques et comblée par l’amour de Gus, elle se consacre avec passion à sa mission de régnante. Et pourtant, Oksa est inquiète. Le monde de Du-Dehors va mal, étouffant sous la pollution. Ses pouvoirs lui permettraient de faire entendre raison aux dirigeants de la planète, mais Édéfia est désormais close. Plus aucun moyen d’en sortir. Alors comment faire ? Confrontée au désastre écologique qui s’annonce et à la ruse de certains Du-Dedans pour quitter Édéfia, Oksa doit relever le plus grand défi que connaît l’humanité : survivre… et préserver l’espoir des lendemains. Mais pour cela, il lui faudra payer un prix terrible…', 12),
(53, '9782845631021', 'L’Or sous la Neige', '21.00', './image/livres/Or_sous_la_neige.jpg', '1897. Matt, jeune paysan américain, décide de fuir la ferme familiale pour vivre l\'aventure. Embauché sur un quai de San Francisco, il embarque sur un vapeur, direction le Nord. Il apprend bientôt le but de l\'expédition : le Klondike, rivière inconnue d\'Alaska qui va devenir l\'objet de tous les fantasmes. On y a trouvé de l\'or, beaucoup d\'or ? Happé lui aussi par cette folie, Matt affronte les montagnes hostiles et les courants déchaînés pour rejoindre cet eldorado. Et finit par se laisser conquérir, peu à peu, par les paysages sauvages du Grand Nord, qu\'il apprivoise au gré de ses rencontres et de ses erreurs.Pourtant, le jour approche où Matt devra choisir entre l\'or et ce pays sublime, qu\'habite une jeune Indienne mystérieuse ?', 13),
(54, '9782845637108', 'Avec mes Chiens – L’Odyssée Sauvage 6000km à travers Sibérie, Chine et Mongolie', '19.00', './image/livres/Avec_mes_chiens.jpg', '6 000 kilomètres. 10 chiens. 3 pays. 1 rêve. Nicolas Vanier s\'est lancé un nouveau défi : parcourir en moins de trois mois les immensités glacées de Sibérie, de Chine et de Mongolie. Tout en nous contant son Odyssée semée d\'embûches sur fond de paysages féeriques, l\'amoureux du Grand Nord nous fait partager sa complicité avec ses compagnons de voyage, ceux qu\'il appelle affectueusement ses \"petits chiens\".', 13),
(55, '9782845638198', 'La Grande Course', '19.00', './image/livres/Grande_course.jpg', '« Il fait -?40°C et il est 11 heures. Encore six minutes, et c’est à nous. – Du calme, les chiens ! Il va falloir maîtriser cette incroyable énergie,\r\ncelle de quatorze boules de muscles… » Nicolas Vanier lâche son attelage. Devant lui, un défi immense : la Yukon Quest, la course de traîneau à chiens la plus difficile au monde. 1?600 kilomètres entre le Canada et l’Alaska, le long de la route de la ruée vers l’or. Des températures glaciales qui dépassent les -?50 degrés. Des vents qui vous renversent au premier relâchement. Un parcours accidenté exténuant. Avec ses chiens, Miwook, Burka, Quest…, la fusion est totale. Très vite, pourtant, Nicolas Vanier, épuisé par le froid et l’absence de sommeil, doit aussi se séparer de cinq de ses compagnons. il pense même abandonner. Mais sa rage est plus forte ! Onze jours plus tard, l’aventurier entre dans le cercle très fermé des plus grands « mushers » du monde. Cet exploit, Nicolas Vanier le dédie à ses chiens, les vrais héros, selon lui, de cette aventure extrême.', 13),
(56, '9782845632578', 'Loup', '19.00', './image/livres/Loup.jpg', '« Ce livre est un hymne à la nature et aux loups. Il est surtout un hommage rendu aux Evènes. Un témoignage de respect sous forme de remerciements. » Nicolas Vanier Il y a plusieurs années, Nicolas Vanier entreprend le projet fou de traverser la Sibérie du sud au nord. Sur sa route, il rencontre le peuple des Evènes, nomades des montagnes, voyageurs du froid. De cette rencontre exceptionnelle est né Loup, un roman puis un film, une belle histoire qui se déroule au cœur du Grand Nord sibérien, entre un monde ancestral régi par les lois de la nature et la modernité qui menace de tout balayer. Nicolas Vanier nous dévoile ici les plus belles images du film : depuis les photographies incroyables d’un loup, d’un renne et d’un homme voyageant ensemble jusqu’aux vues spectaculaires de la grande harde de deux mille rennes sur les crêtes d’altitude au soleil couchant. Dans ce magnifique livre illustré, l’auteur nous fait aussi revivre les moments forts du tournage de Loup, par – 50°C en pleine nature sauvage, exploit humain, animal et technique qui a donné naissance à ces images d’une beauté inégalée.', 13),
(57, '9782845636293', 'Belle et Sébastien', '19.00', './image/livres/Belle_et_sebastien.jpg', 'D’après l’oeuvre de Cécile Aubry L’amitié et l’amour comme remparts à la folie des hommes 1943. Dans un village au cœur des Alpes, les troupes allemandes font régner la peur. Malgré tout, certains s’organisent et résistent… Alors qu’Angelina, la belle boulangère, doit fournir coûte que coûte du pain aux Allemands, le docteur Guillaume, lui, fait passer la frontière en montagne à des juifs persécutés. Le lieutenant allemand Peter Braun le sait et cherche à démasquer les fugitifs et leur guide. À cette périlleuse passe d’armes s’ajoute une rivalité entre les deux hommes au sujet d’Angelina… Pendant ce temps, le village tout entier s’est ligué contre Belle, la chienne des Pyrénées. Est-elle bien cet animal errant qui égorge les moutons ? Sébastien, l’enfant des montagnes, s’est promis de la défendre, de la sauver, alors que tous se sont unis contre « la Bête ». Au cœur de la montagne magnifique et parfois terrifiante se noue un drame que seule l’amitié pourra déjouer. Si Sébastien parvient à vaincre les préjugés des hommes…', 13),
(58, '9782845639546', 'Le Chant du Grand Nord', '23.00', './image/livres/Chant_du_grand_nord.jpg', 'Mis au ban de son village, le jeune chasseur indien, Ohio, part seul avec ses chiens vers la traversée des Montagnes Rocheuses. Riche d’années d’aventures et d’une écriture aussi rigoureuse qu’évocatrice, Nicolas Vanier nous livre ici un grand roman initiatique aux accents de Jack London.', 13),
(59, '9782266168656', 'La Guerre des Clans, Cycle I, Livre I : Retour à l’Etat Sauvage', '7.00', './image/livres/Gerre_des_clans_1_1.jpg', 'Depuis des générations, fidèles aux lois de leurs ancêtres, quatre clans de chats sauvages se partagent la forêt. Mais le Clan du Tonnerre court un grave danger, et les sinistres guerriers de l\'Ombre sont de plus en plus puissants. En s\'aventurant un jour dans les bois, Rusty, petit chat domestique, est loin de se douter qu\'il deviendra bientôt le plus valeureux des guerriers...', 5),
(60, '9782266171465', 'La Guerre des Clans, Cycle I, Livre II : A Feu et à Sang', '7.00', './image/livres/Gerre_des_clans_1_2.jpg', 'Au sein du Clan du Tonnerre, Coeur de Feu est devenu un valeureux guerrier. Une chance ! Il aura besoin de toutes ses forces pour déjouer les plans diaboliques de Griffe de Tigre qui cherche à lui nuire et à l\'exclure de son clan. Sans parler des accidents et maladies qui s\'abattent depuis quelque temps sur sa tribu. Lorsque le clan voisin, celui du Vent, est chassé de ses terres, sa méfiance grandit encore. Déchiré, Coeur de Feu s\'interroge : comment aider les autres quand on doit se défendre soi-même ?', 5),
(61, '9782266178921', 'La Guerre des Clans, Cycle I, Livre III : Les Mystères de la Fôret', '7.00', './image/livres/Gerre_des_clans_1_3.jpg', 'La tension est à son comble dans le Clan du Tonnerre : une terrible innondation s\'abat sur la forêt et les alliances entre tribus changent sans cesse. Quant à Coeur de Feu, il continue d\'enquêter sur la mort de Plume Rousse, l\'ancien lieutenant du Clan. Il ignore quelle sombre machination il va découvrir...', 5),
(62, '9782266179195', 'La Guerre des Clans, Cycle I, Livre IV : Avant la Tempête', '7.00', './image/livres/Gerre_des_clans_1_4.jpg', 'Depuis la trahison de Griffe de Tigre, Coeur de Feu a pris de nouvelles responsabilités dans so clan. Mais le traître rôde toujours. Coeur de Feu se sent plus seul que jamais. Heureusement, l\'amour qu\'il porte à la belle Tempête de Sable le soulage du poids de ses lourdes tâches. Quand un danger terrible est sur le point de s\'abattre sur la forêt, Coeur de Feu va devoir à nouveau prouver sa valeur.', 5),
(63, '9782266192927', 'La Guerre des Clans, Cycle I, Livre V : Sur le Sentier de la Gerre', '7.00', './image/livres/Gerre_des_clans_1_5.jpg', 'Jamais Coeur de Feu n\'aurait pensé devoir affronter tant d\'épreuves! Après l\'incendie qui a ravagé la forêt, il se retrouve à la tête d\'un clan affaibli. Et Etoile Bleue ne lui est d\'aucun secours : la vieille meneuse n\'est plus que l\'ombre d\'elle-même. Pourtant, un nouveau défi attend le jeune lieutenant : une meute de chiens sanguinaires rôde sur leur territoire. Dans la guerre impitoyable qui se prépare, pourra-t-il sauver les siens?', 5);
INSERT INTO `livres` (`id_livre`, `isbn`, `titre_livre`, `prix_livre`, `img_livre`, `resume_livre`, `id_au`) VALUES
(64, '9782266208178', 'La Guerre des Clans, Cycle I, Livre VI : Une Sombre Prophétie', '7.00', './image/livres/Gerre_des_clans_1_6.jpg', 'Etoile Bleue est morte ! Ses guerriers sont sous le choc, et notamment Coeur de Feu, qui devient le meneur du clan. Le jeune guerrier reçoit alors dans son sommeil une prophétie étrange et effrayante : des temps obscurs se profilent pour lui et les siens. Au même moment, Etoile du Tigre, leur ennemi juré, fomente un nouveau complot. Pour conquérir le pouvoir absolu, il est prêt à pactiser avec une horde de chats impitoyables. Jamais l\'équilibre fragile de la forêt n\'a été si menacé...', 5),
(65, '9782266205245', 'La Guerre des Clans, Cycle II, Livre I : Minuit', '7.60', './image/livres/Gerre_des_clans_2_1.jpg', 'Depuis la mort d\'Étoile du Tigre et la défaite du Clan du Sang, la forêt a connu bien des lunes de paix et de prospérité. Mais un danger menace à présent les chats sauvages. Le Clan des Étoiles désigne quatre élus, issus des quatre Clans, et les envoie en secret « là où le soleil sombre dans l\'eau ». Un terrible voyage commence. Les élus sauront-ils oublier leurs différences pour mener la quête à son terme ?', 5),
(66, '9782266219204', 'La Guerre des Clans, Cycle II, Livre II : Clair de Lune', '7.60', './image/livres/Gerre_des_clans_2_2.jpg', 'Plusieurs lunes se sont écoulées depuis que les six chats élus ont commencé leur voyage. Ils ont retrouvé Minuit, le blaireau, et entendu sa prophétie : leur territoire sera bientôt ravagé par les humains. S\'ils ne rentrent pas à temps pour convaincre les clans de quitter la forêt, ils mourront tous ! Mais sur le chemin du retour, ils croisent une tribu de chats étranges, qui prend Pelage d\'Orage en otage... Les six élus vont devoir mettre leur vie en danger pour le libérer.', 5),
(67, '9782266222839', 'La Guerre des Clans, Cycle II, Livre III : Aurore', '7.60', './image/livres/Gerre_des_clans_2_3.jpg', 'La terreur et la désolation règnent désormais sur la forêt, ravagée par les bipèdes. Les quatre clans vont devoir faire un choix : s’exiler ou mourir. Alors qu’Étoile de Feu prépare les siens au départ, les autres tribus hésitent encore à quitter le territoire de leurs ancêtres. Pourtant, par-delà le chemin du Tonnerre, une nouvelle vie les attend peut-être, s’ils parviennent à s’unir et à fuir la violence des hommes…', 5),
(68, '9782266238113', 'La Guerre des Clans, Cycle II, Livre IV : Nuit Etoilée', '7.60', './image/livres/Gerre_des_clans_2_4.jpg', 'Après des lunes d’errance, les quatre clans s’arrêtent enfin au bord d’un lac. Est-ce bien là le territoire que leur destinait le Clan des Étoiles ? Beaucoup en doute et craignent d’y subir la famine et la barbarie humaine. La tension est à son comble. Pour apaiser les siens, Nuage de Feuille, la guérisseuse, sait qu’elle doit trouver au plus vite une nouvelle Pierre de Lune et renouer le contact avec les ancêtres. Sans leur aide, une guerre fratricide est inévitable…', 5),
(69, '9782266248242', 'La Guerre des Clans, Cycle II, Livre V : Crépuscule', '7.60', './image/livres/Gerre_des_clans_2_5.jpg', 'Depuis la trahison de Griffe de Pierre, la tension monte au sein des clans. Moustache, devenu Étoile Solitaire, est bien décidé à reprendre le contrôle du Clan du Vent. Seul. Un choix qu’Étoile de Feu accepte difficilement. La fragile unité née pendant l’exode a vécu. Et les signes en provenance du Clan des Étoiles ne laissent espérer aucune accalmie.', 5),
(70, '9782266256643', 'La Guerre des Clans, Cycle II, Livre VI : Coucher de Soleil', '7.60', './image/livres/Gerre_des_clans_2_6.jpg', 'L’attaque des blaireaux a laissé le Clan du Tonnerre exsangue. Feuille de Lune entend alors en rêve une prophétie : « Avant que la paix revienne, le sang fera couler le sang. » La jeune guérisseuse est atterrée. Son clan se remettra-t-il d’une nouvelle guerre ? Hélas, une autre menace plane sur les siens : Étoile du Tigre, le traître mort, hante ses fils chaque nuit. À travers eux, il espère se venger d’Étoile de Feu et lui ôter d’un coup les sept vies qui lui restent...', 5),
(71, '9782266265089', 'La Guerre des Clans, Cycle III, Livre I : Vision', '7.60', './image/livres/Gerre_des_clans_3_1.jpg', 'La paix entre les Clans est-elle vraiment rétablie ? Tenaillé par la faim, le clan de l’Ombre tente d’agrandir son territoire et défie ses voisins. Étoile de Feu entend alors en rêve une nouvelle prophétie : « Ils seront trois, parents de tes parents, à détenir le pouvoir des Étoiles entre leurs pattes. » Il s’agit sans doute des petits de Griffe de Ronce, son lieutenant. Pour la survie de leur clan, ils devront se battre aussi vaillamment que les meilleurs guerriers.', 5),
(72, '9782266277310', 'La Guerre des Clans, Cycle III, Livre II : Rivière Noire', '7.60', './image/livres/Gerre_des_clans_3_2.jpg', 'Désormais apprentis, Nuage de Geai, Nuage de Lion et Nuage de Houx sont confrontés à des responsabilités nouvelles et à des choix difficiles. Tandis que le premier est hanté par des visions qu’il peine à maîtriser, son frère éprouve une amitié passionnée et interdite pour une apprentie rivale. Seule Nuage de Houx comprend que les quatre Clans du lac sont à l’aube d’un affrontement sanglant. Sans l’aide des siens, parviendra-t-elle à éviter ce conflit ?', 5),
(73, '9782266282635', 'La Guerre des Clans, Cycle III, Livre III : Exil', '7.60', './image/livres/Gerre_des_clans_3_3.jpg', 'L’arrivée de deux chats des montagnes bouleverse le Clan du Tonnerre. Ils supplient Étoile de Feu de les aider à vaincre une horde de félins sans foi ni loi. En quête d’aventure, Nuage de Lion, Nuage de Houx et Nuage de Geai veulent faire partie de l’expédition. Ils en apprendront bien plus sur eux-mêmes qu’ils ne l’espéraient...', 5),
(74, '9782266293884', 'La Guerre des Clans, Cycle III, Livre IV : Eclipse', '7.60', './image/livres/Gerre_des_clans_3_4.jpg', 'À peine rentrés de leur périple dans les m ontagnes, Nuage de Lion, Nuage de Houx et Nuage de Geai doivent faire face à une nouvelle épreuve : leur territoire est envahi par le Clan du Vent ! Les trois apprentis se jettent à corps perdu dans la bataille. Mais un danger bien plus grand les menace tous : certains combattants sont prêts à renoncer au code du guerrier. Qu’adviendra-t-il des quatre clans s’ils renient les valeurs de leurs ancêtres ?', 5),
(75, '9782266299763', 'La Guerre des Clans, Cycle III, Livre V : Pénombre', '7.60', './image/livres/Gerre_des_clans_3_5.jpg', 'Panique autour du lac ! Une épidémie s’est abattue sur les guerriers d’Étoile de Feu. Pour collecter le précieux remède qui pourrait les sauver, Feuille de Houx, Pelage de Lion et Nuage de Geai vont risquer leur vie en territoire hostile. Mais le sort leur réserve une autre épreuve, plus terrible encore. Tapi dans l’ombre de leur propre camp, un ennemi s’apprête à leur faire une révélation qui changera à jamais le cours de leur existence...', 5),
(76, '9782266304726', 'La Guerre des Clans, Cycle III, Livre VI : Soleil Levant', '15.20', './image/livres/Gerre_des_clans_3_6.jpg', 'Pelage de Granit a été assassiné. Tandis que la nouvelle jette le trouble dans le Clan du Tonnerre, un doute agite en secret Nuage de Houx et ses frères. Peuvent-ils être les élus dont parle la prophétie, alors qu’ils ont été adoptés et qu’ils n’appartiennent pas à la lignée du meneur ? Le Clan des Étoiles observe, impuissant, les ravages provoqués par les mensonges autour de leur naissance. La vérité doit éclater, même si elle a des conséquences dramatiques pour tout le clan...', 5),
(77, '9782266239684', 'La Guerre des Clans, Cycle IV, Livre I : La Quatrième Apprentie', '15.20', './image/livres/Gerre_des_clans_4_1.jpg', 'Depuis que Feuille de Houx a disparu, ses deux frères, éperdus, cherchent à savoir quel est le troisième chat désigné par la prophétie. Mais un terrible danger les détourne de leur quête : la rivière qui alimente le lac s\'est tarie. Si cette sécheresse perdure, la vie de tous les animaux de la région sera menacée. Ce nouveau péril exacerbe les tensions entre clans rivaux. C\'est alors que Petite Colombe, une très jeune chatte, reçoit en rêve ce mystérieux message : \"Après le Geai au regard de lynx et le lion rugissant, la paix viendra de l\'aile de Colombe\". Perdue, la jeune chatte ne sait que faire de cette prophétie. A qui peut-elle se fier ?', 5),
(78, '9782266243841', 'La Guerre des Clans, Cycle IV, Livre II : Un Echo Lointain', '15.20', './image/livres/Gerre_des_clans_4_2.jpg', 'Nuage de Colombe a enfin accepté son destin. Grâce à ses sens surdéveloppés, elle espère aider ses camarades à défendre leur territoire, menacé par le Clan de l’Ombre. Mais au coeur de la Forêt Sombre, un danger plus grand encore pèse sur eux. Étoile du Tigre et ses acolytes ont pénétré les songes de plusieurs apprentis et leur dispensent un entraînement spécial. Ces chats du lac se laisseront-ils manipuler au point de semer autour d’eux la haine et la mort ?', 5),
(79, '9782266243858', 'La Guerre des Clans, Cycle IV, Livre III : Des Murmures dans la Nuit', '15.20', './image/livres/Gerre_des_clans_4_3.jpg', 'La tension est à son comble sur les rives du lac. Les apprentis qui fréquentent la forêt sombre, manipulés par Étoile du Tigre, sont parvenus à raviver d’anciennes haines entre les Clans, jusqu’à provoquer une première bataille sanglante. OEil de Geai sait que cette guerre sans merci n’en est qu’à ses prémices. Nuage de Colombe est son dernier espoir pour apaiser les conflits. Sera-t-elle digne de sa confiance, alors qu’elle manque à ses devoirs de guerrière et met en danger ses camarades ?', 5),
(80, '9782266258234', 'La Guerre des Clans, Cycle IV, Livre IV : L’Empreinte de la Lune', '15.20', './image/livres/Gerre_des_clans_4_4.jpg', 'Alors que le Clan du Tonnerre concentre toute son énergie à éviter une bataille mortelle, Pierre, l’Ancien, envoie à OEil de Geai une nouvelle vision : il doit se rendre sans tarder dans les montagnes afin de prêter secours à la tribu de l’Eau Vive. L’avenir de tous les clans dépend de son succès. Le guérisseur part aussitôt avec trois camarades. Mais il ignore qu’au même moment les guerriers sanguinaires d’Étoile du Tigre s’apprêtent à envahir leur territoire…', 5),
(81, '9782266264587', 'La Guerre des Clans, Cycle IV, Livre V : La Guerrière Oubliée', '15.20', './image/livres/Gerre_des_clans_4_5.jpg', 'Jamais la discorde n’a été aussi vive entre les différents clans du lac. Les guérisseurs eux-mêmes ne s’adressent plus la parole. C’est le moment que choisit Sol pour réapparaître sur le territoire du Tonnerre. Il est accueilli en héros, mais OEil de Geai reste convaincu que ses intentions sont mauvaises. Comment démasquer…', 5),
(82, '9782266264594', 'La Guerre des Clans, Cycle IV, Livre VI : Le Dernier Espoir', '15.20', './image/livres/Gerre_des_clans_4_6.jpg', 'Le temps presse, les guerriers de la Forêt Sombre s’apprêtent à envahir le territoire du Tonnerre. Pour les vaincre, Œil de Geai doit persuader tous les clans du lac de sceller une ultime alliance. Pierre apprend alors au guérisseur qu’il faudra le secours d’un quatrième chat pour accomplir la prophétie. Mais qui peut être ce dernier élu ?', 5),
(83, '9782266273732', 'La Guerre des Clans, Cycle V, Livre I : Le Sentier du Soleil', '15.20', './image/livres/Gerre_des_clans_5_1.jpg', 'Depuis bien des lunes, une tribu de chats vit paisiblement dans les montagnes. Mais les proies se raréfient et survivre devient de plus en plus dur... Guidé par une vision, un groupe de jeunes courageux décide de partir à l’aventure pour trouver de nouvelles terres. Ils vont devoir parcourir le sentier du soleil, un monde périlleux peuplé de chats errants, solitaires et menaçants...', 5),
(84, '9782266273749', 'La Guerre des Clans, Cycle V, Livre II : Coup de Tonnerre', '15.20', './image/livres/Gerre_des_clans_5_2.jpg', 'La tribu des Montagnes, toujours en quête d’un nouveau territoire, continue sa route sur le sentier du soleil. Mais, alors que sa survie semble maintenant assurée, des tensions naissent au sein du clan... Et, à la suite d’un terrible événement, le groupe, autrefois si uni, va se séparer en deux clans rivaux.', 5),
(85, '9782266282611', 'La Guerre des Clans, Cycle V, Livre III : La Première Bataille', '15.20', './image/livres/Gerre_des_clans_5_3.jpg', 'Tonnerre a fui le camp de Ciel Bleu pour retourner dans la lande avec Gris Poil. Cependant, les rivalités entre les chats de la forêt et les chats des landes sont de plus en plus fortes. Pour Gris Poil, une entente entre les deux groupes est possible, mais Ciel Bleu ne voit pas les choses de la même manière. Ce qui n’était qu’un malentendu se transforme alors en un véritable conflit. Maintenant, tous les chats vont devoir choisir un clan...', 5),
(86, '9782266282628', 'La Guerre des Clans, Cycle V, Livre IV : L’Etoile Flamboyante', '15.20', './image/livres/Gerre_des_clans_5_4.jpg', 'Après les combats, la terre où sont enracinés les quatre arbres est souillée par le sang. Tous les chats ont perdu des proches. Et si chaque clan a accepté une trêve, le danger n’est pas écarté pour autant car une maladie mortelle menace les deux camps. Les chats vont devoir s’unir pour trouver la seule chose qui pourra les sauver : la mystérieuse Étoile Flamboyante...', 5),
(87, '9782266294232', 'La Guerre des Clans, Cycle V, Livre V : Une Forêt Divisée', '15.20', './image/livres/Gerre_des_clans_5_5.jpg', 'Les esprits du Clan des Étoiles ont parlé : pour survivre, les chats des montagnes doivent accroître leur nombre et étendre leur territoire. Et vite. Ciel Bleu est persuadé que le seul moyen d’y parvenir est de rester unis, mais il peine à convaincre et les chefs se divisent les terres. C’est la création des clans. Il est maintenant temps pour les chats de décider où ils veulent vivre et à qui prêter allégeance...', 5),
(88, '9782266294249', 'La Guerre des Clans, Cycle V, Livre VI : Le Sentier des Etoiles', '15.20', './image/livres/Gerre_des_clans_5_6.jpg', 'Après des lunes de conflit, les chats se sont finalement répartis en cinq camps. Or le dangereux chat errant Balafre kidnappe la compagne de Ciel Bleu, Fleur d’Étoile, et exige en échange de sa libération toujours plus de gibier. Démuni, Ciel Bleu doit convaincre les autres groupes d’unir leurs forces. Les attaques féroces de Balafre se multiplient et les chats doivent se rendre à l’évidence : si les clans ne parviennent pas à s’allier, ce sera la fin de leur nouveau mode de vie.', 5),
(89, '9782266305723', 'La Guerre des Clans, Hors Série : La Quête d’Etoile de Feu', '18.00', './image/livres/Gerre_des_clans_HS_1.jpg', 'Depuis que les chats de la forêt ont vaincu le Clan du Sang et leur chef Fléau, la paix règne à nouveau. Pourtant, Étoile de Feu n\'est pas serein. Il fait des rêves étranges, peuplés de chats faméliques qui implorent sa protection. D\'où viennent ces félins inconnus ? Quelle est la menace qui les terrorise ? Contre l\'avis du Clan des Étoiles, Étoile de Feu décide de les aider et entreprend un long et dangereux voyage. Seul. Ou presque...', 5),
(90, '9782266230476', 'La Guerre des Clans, Hors Série : La Prophétie d’Etoile Bleue', '18.50', './image/livres/Gerre_des_clans_HS_2.jpg', '«Tu es le feu, tu illumineras la forêt. Mais prends garde à l’eau, elle causera ta perte. »\r\nNuage Bleu est encore une jeune apprentie lorsque cette prophétie lui est révélée. Devenue guerrière sous le nom de Lune Bleue, elle est promise à un destin hors du commun. Mais sa rencontre avec Coeur de Chêne, un guerrier d’un clan rival, la fait dévier de cette voie toute tracée. Doit-elle servir son clan ou écouter son coeur et trahir les siens ? Quel que soit son choix, il sera déchirant…', 5),
(91, '9782266239417', 'La Guerre des Clans, Hors Série : La Promesse de l’Elu', '18.50', './image/livres/Gerre_des_clans_HS_3.jpg', 'L’avenir sourit à Petite Tempête, le dernier né du Clan de la Rivière, jusqu’au terrible accident qui le laisse défiguré. Devenu Nuage Balafré, l’apprenti cherche par tous les moyens à prouver sa valeur. C’est alors qu’une mystérieuse chatte lui apparaît en rêve. Elle lui prédit un destin glorieux s’il jure de toujours faire passer son clan avant ses propres intérêts. Le jeune Élu accepte avec enthousiasme. Il ignore encore le prix à payer pour un pacte trop vite scellé…', 5),
(92, '9782266258173', 'La Guerre des Clans, Hors Série : Le Secret de Croc Jaune', '18.50', './image/livres/Gerre_des_clans_HS_4.jpg', 'Croc Jaune ne rêvait que de gloire et de combats. Elle s’est beaucoup entraînée pour devenir guerrière. Quand vient le jour de la cérémonie, à sa grande surprise, Croc Jaune comprend qu’elle ne verra jamais le champ de bataille… Elle sera guérisseuse. Malgré sa déception, elle accomplit loyalement son devoir. Mais ses rêves sont hantés par une sombre prophétie et, peu à peu, Croc Jaune voit tous ses cauchemars devenir réalité…', 5),
(93, '9782823869590', 'La Guerre des Clans, Hors Série : La Vengeance d’Etoile Filante', '18.50', './image/livres/Gerre_des_clans_HS_5.jpg', 'Avant qu’il ne devienne le chef du Clan du Vent, Étoile Filante s’appelait Plume Filante. Alors qu’il n’est encore qu’un jeune apprenti loyal et dévoué, la mort de son père fait naître en lui une terrible soif de vengeance que même son nouveau statut de guerrier ne semble pouvoir apaiser. Dès lors commence une périlleuse quête de justice, bien au-delà des limites du code du guerrier...', 5),
(94, '9782266286862', 'La Guerre des Clans, Hors Série : L’Epreuve d’Etoile de Ronce', '18.50', './image/livres/Gerre_des_clans_HS_6.jpg', 'Au lendemain de la grande bataille, les tensions entre les différents Clans n\'ont jamais été aussi fortes. Alors que les alliances se défont, Etoile de Ronce s\'apprête à succéder à Étoile de Feu à la tête du Clan du Tonnerre. Mais il va devoir préparer son Clan, plus affaibli que jamais, à faire face à la nouvelle menace qui se profile à l\'horizon...', 5);

--
-- Contraintes pour les tables déchargées
--

--
-- Contraintes pour la table `auteurs`
--
ALTER TABLE `auteurs`
  ADD CONSTRAINT `auteurs_ibfk_1` FOREIGN KEY (`id_ed`) REFERENCES `editeurs` (`id_ed`) ON DELETE CASCADE ON UPDATE CASCADE;

--
-- Contraintes pour la table `livres`
--
ALTER TABLE `livres`
  ADD CONSTRAINT `livres_ibfk_1` FOREIGN KEY (`id_au`) REFERENCES `auteurs` (`id_au`) ON DELETE CASCADE ON UPDATE CASCADE;
COMMIT;

/*!40101 SET CHARACTER_SET_CLIENT=@OLD_CHARACTER_SET_CLIENT */;
/*!40101 SET CHARACTER_SET_RESULTS=@OLD_CHARACTER_SET_RESULTS */;
/*!40101 SET COLLATION_CONNECTION=@OLD_COLLATION_CONNECTION */;
